Title,Price,Savings,Rating,Reviews,Availability
"Z-Edge UG24 24-inch Curved Gaming Monitor 180Hz Refresh Rate, 1ms MPRT, FHD 1080 Gaming Monitor, R1650 Curved, AMD Freesync Premium Display",$149.99,-29%,4.4 out of 5 stars,497 ratings,In Stock.
KS Doublesight Displays 2 HD 24” Monitors (1920x1080) 75Hz Lightweight Aluminum Dual Monitor Stand Combo,$329.99,-0%,4.0 out of 5 stars,1 rating,In Stock.
"Sceptre 24"" Professional Thin 75Hz 1080p LED Monitor 2x HDMI VGA Build-in Speakers, Machine Black (E248W-19203R Series)",$99.98,-20%,4.6 out of 5 stars,"25,156 ratings",In Stock.
"Acer 21.5 Inch Full HD (1920 x 1080) IPS Ultra-Thin Zero Frame Computer Monitor (HDMI & VGA Port), SB220Q bi",$89.99,-10%,4.6 out of 5 stars,"40,708 ratings",In Stock.
"Sceptre Curved 27"" Gaming Monitor 75Hz HDMI x2 VGA 98% sRGB Build-in Speakers, Edge-Less Machine Black (RN Series)",$129.97,-43%,4.6 out of 5 stars,663 ratings,In Stock.
"KOORUI 24 Inch Computer Monitor Full HD 1920 x 1080p VA Display 75Hz 3000:1 Contrast Ratio with HDMI, VGA, Frameless, 75 x 75 mm VESA Mountable, Ergonomic Tilt, Black",$88.50,-27%,4.3 out of 5 stars,"1,317 ratings",In Stock.
"Z-Edge UG24 24-inch Curved Gaming Monitor 180Hz Refresh Rate, 1ms MPRT, FHD 1080 Gaming Monitor, R1650 Curved, AMD Freesync Premium Display",$149.99,-29%,4.4 out of 5 stars,497 ratings,In Stock.
"KOORUI 24 Inch Computer Monitor, 3-Sided Frameless Gaming Screen FHD 1920x1080 Display with HDMI & VGA Interface, 75Hz, IPS, 4ms, VESA Mountable, Low-Blue Light PC Monitor for Office Work",$95.99,-20%,4.5 out of 5 stars,348 ratings,In Stock.
"GTEK 24 Inch 75Hz Frameless Computer Monitor, FHD 1080p LED Display, LCD Screen, HDMI VGA, Refresh Rate, VESA Mountable - F2407V",$96.87,-0%,4.6 out of 5 stars,132 ratings,In Stock.
"Z-Edge 27-inch Curved Gaming Monitor, Full HD 1080P 1920x1080 LED Backlight Monitor, with 75Hz Refresh Rate and Eye-Care Technology, 178° Wide View Angle, Built-in Speakers, VGA+HDMI",$179.99,-20%,4.3 out of 5 stars,630 ratings,In Stock.
HP 27h Full HD Monitor - Diagonal - IPS Panel & 75Hz Refresh Rate - Smooth Screen - 3-Sided Micro-Edge Bezel - 100mm Height/Tilt Adjust - Built-in Dual Speakers - for Hybrid Workers,$159.99,-30%,4.6 out of 5 stars,"4,083 ratings",In Stock.
"LG FHD 24-Inch Computer Monitor 24MP400-B, IPS with AMD FreeSync, Black",$126.99,-9%,4.6 out of 5 stars,386 ratings,In Stock.
"SAMSUNG 32"" Odyssey G55A QHD 165Hz 1ms FreeSync Curved Gaming Monitor with HDR 10, Futuristic Design for Any Desktop (LS32AG550ENXZA)",$333.88,-5%,4.5 out of 5 stars,"7,217 ratings",In Stock.
"Dell 27 inch Monitor FHD (1920 x 1080) 16:9 Ratio with Comfortview (TUV-Certified), 75Hz Refresh Rate, 16.7 Million Colors, Anti-Glare Screen with 3H Hardness, Black - SE2722HX",$119.98,-25%,4.6 out of 5 stars,"1,656 ratings",In Stock.
Acer 23.8” Full HD 1920 x 1080 IPS Zero Frame Home Office Computer Monitor - 178° Wide View Angle - 16.7M - NTSC 72% Color Gamut - Low Blue Light - Tilt Compatible - VGA HDMI DVI R240HY bidx,$99.99,-33%,4.7 out of 5 stars,"14,678 ratings",In Stock.
"Sceptre Curved 24"" 75Hz Professional LED Monitor 1080p 98% sRGB HDMI VGA Build-in Speakers, Machine Black 2021",$107.97,-28%,4.6 out of 5 stars,"3,953 ratings",In Stock.
"Sceptre 22 inch 75Hz 1080P LED Monitor 99% sRGB HDMI X2 VGA Build-In Speakers, Machine Black (E225W-19203R series)",$88.99,-0%,4.5 out of 5 stars,"7,238 ratings",In Stock.
"Sceptre New 22 Inch FHD LED Monitor 75Hz 2X HDMI VGA Build-in Speakers, Machine Black (E22 Series)",$80.00,-22%,4.6 out of 5 stars,"1,365 ratings",In Stock.
"Dell 27 inch Monitor FHD (1920 x 1080) 16:9 Ratio with Comfortview (TUV-Certified), 75Hz Refresh Rate, 16.7 Million Colors, Anti-Glare Screen with 3H Hardness, Black - SE2722HX",$119.98,-25%,4.6 out of 5 stars,"1,656 ratings",In Stock.
"LG FHD 24-Inch Computer Monitor 24MP400-B, IPS with AMD FreeSync, Black",$126.99,-9%,4.6 out of 5 stars,386 ratings,In Stock.
Acer 23.8” Full HD 1920 x 1080 IPS Zero Frame Home Office Computer Monitor - 178° Wide View Angle - 16.7M - NTSC 72% Color Gamut - Low Blue Light - Tilt Compatible - VGA HDMI DVI R240HY bidx,$99.99,-33%,4.7 out of 5 stars,"14,678 ratings",In Stock.
"CRUA 22 Inch Computer Monitor, Full HD(1920x1080P) 75HZ VA Desktop Display, 3 Sides Zero Frame 178° Wide View Angle PC Monitor with Eye-Care Technology, Support VESA, VGA&HDMI Port-Black",$89.99,-31%,4.3 out of 5 stars,197 ratings,In Stock.
HP 24mh FHD Monitor - Computer Monitor with 23.8-Inch IPS Display (1080p) - Built-In Speakers and VESA Mounting - Height/Tilt Adjustment for Ergonomic Viewing - HDMI and DisplayPort - (1D0J9AA#ABA),$149.99,-6%,4.7 out of 5 stars,"23,455 ratings",In Stock.
"LG FHD 32-Inch Computer Monitor 32ML600M-B, IPS with HDR 10 Compatibility, Black",$179.99,-28%,4.6 out of 5 stars,"2,491 ratings",Only 1 left in stock - order soon.
"KOORUI 24 Inch Computer Monitor Full HD 1920 x 1080p VA Display 75Hz 3000:1 Contrast Ratio with HDMI, VGA, Frameless, 75 x 75 mm VESA Mountable, Ergonomic Tilt, Black",$88.50,-27%,4.3 out of 5 stars,"1,317 ratings",In Stock.
"LG FHD 27-Inch Computer Monitor 27MP450-B, IPS with AMD FreeSync, Black",$159.99,-6%,4.6 out of 5 stars,726 ratings,In Stock.
"SAMSUNG T350 Series 22-Inch FHD 1080p Computer Monitor, 75Hz, IPS Panel, HDMI, VGA (D-Sub), 3-Sided Border-Less, FreeSync (LF22T350FHNXZA)",$133.82,-11%,4.6 out of 5 stars,"2,569 ratings",In Stock.
"Sceptre 20"" 1600 x 900 75Hz LED Monitor 2x HDMI VGA Built-in Speakers, sRGB 99% Machine Black (E209W-16003RT series)",$79.97,-0%,4.5 out of 5 stars,"25,411 ratings",In Stock.
"Nitro by Acer 27"" Full HD 1920 x 1080 1500R Curve PC Gaming Monitor | AMD FreeSync Premium | 165Hz Refresh | 1ms (VRB) | ZeroFrame Design | 1 x Display Port 1.4 & 2 x HDMI 2.0 Ports ED270R Mbmiiphx",$159.99,-11%,4.5 out of 5 stars,"1,942 ratings",Available to ship in 1-2 days.
"Acer CB272 bmiprx 27"" Full HD (1920 x 1080) IPS Zero Frame Professional Home Office Monitor with AMD Radeon Free Sync, Height Adjustable Stand with Tilt & Pivot | Display, HDMI & VGA ports, Speakers",$149.99,-17%,4.5 out of 5 stars,"2,797 ratings",In Stock.
"PixelRo Universal Blue Light Blocking Screen Protector 19, 19.5 inch Monitor (16:9 Aspect Ratio) Anti-UV Eye Protection, Widescreen Hanging Type, Reduces Eye Fatigue and Eye Strain, Sleep Better",$52.99,-0%,4.1 out of 5 stars,180 ratings,Only 4 left in stock - order soon.
InnoView 24 Inch Monitor 100Hz 4000:1 Contrast Ratio Computer Display 1080p Full HD Gaming Monitor HDMI Ultra Thin 2W Built-in Speakers and VESA Mounting Machine Black,$119.99,-0%,4.4 out of 5 stars,493 ratings,In Stock.
